epsilon,mean_ser
0.0,0.40186915887850466
0.1,0.40186915887850466
0.2,0.40654205607476634
0.3,0.4158878504672897
0.4,0.48598130841121495
0.5,0.7102803738317757
