{
  "attack": "AutoAttack",
  "attack_target": "staff_count_head",
  "attacks_to_run": "standard",
  "clean_checkpoint": "distillation/runs/clean_surrogate_a100/best_clean.pt",
  "device": "cuda",
  "epsilon_grid": [
    0.0,
    0.01,
    0.02,
    0.05,
    0.1
  ],
  "input_domain": "unit_interval_0_1",
  "pgd_checkpoint": "distillation/runs/pgd_surrogate_a100/best_clean.pt",
  "results": [
    {
      "after_defense": {
        "clean_count_accuracy": 0.625,
        "clean_mean_ser": 0.4015267175572519,
        "clean_token_accuracy": 0.58236377994209,
        "robust_count_accuracy": 0.625,
        "robust_mean_ser": 0.4015267175572519,
        "robust_token_accuracy": 0.58236377994209
      },
      "before_defense": {
        "clean_count_accuracy": 0.5416666865348816,
        "clean_mean_ser": 0.42090023690444855,
        "clean_token_accuracy": 0.5701500394840747,
        "robust_count_accuracy": 0.5416666865348816,
        "robust_mean_ser": 0.42090023690444855,
        "robust_token_accuracy": 0.5701500394840747
      },
      "epsilon": 0.0
    },
    {
      "after_defense": {
        "clean_count_accuracy": 0.625,
        "clean_mean_ser": 0.4015267175572519,
        "clean_token_accuracy": 0.58236377994209,
        "robust_count_accuracy": 0.5833333730697632,
        "robust_mean_ser": 0.40178994472229534,
        "robust_token_accuracy": 0.5818899710450118
      },
      "before_defense": {
        "clean_count_accuracy": 0.5416666865348816,
        "clean_mean_ser": 0.42090023690444855,
        "clean_token_accuracy": 0.5701500394840747,
        "robust_count_accuracy": 0.125,
        "robust_mean_ser": 0.4225322453277178,
        "robust_token_accuracy": 0.568254803895762
      },
      "epsilon": 0.01
    },
    {
      "after_defense": {
        "clean_count_accuracy": 0.625,
        "clean_mean_ser": 0.4015267175572519,
        "clean_token_accuracy": 0.58236377994209,
        "robust_count_accuracy": 0.2916666865348816,
        "robust_mean_ser": 0.4034745985785733,
        "robust_token_accuracy": 0.5811529349828902
      },
      "before_defense": {
        "clean_count_accuracy": 0.5416666865348816,
        "clean_mean_ser": 0.42090023690444855,
        "clean_token_accuracy": 0.5701500394840747,
        "robust_count_accuracy": 0.0,
        "robust_mean_ser": 0.42890234272176886,
        "robust_token_accuracy": 0.5622005790997631
      },
      "epsilon": 0.02
    },
    {
      "after_defense": {
        "clean_count_accuracy": 0.625,
        "clean_mean_ser": 0.4015267175572519,
        "clean_token_accuracy": 0.58236377994209,
        "robust_count_accuracy": 0.0416666679084301,
        "robust_mean_ser": 0.40816004211634643,
        "robust_token_accuracy": 0.5746775467228218
      },
      "before_defense": {
        "clean_count_accuracy": 0.5416666865348816,
        "clean_mean_ser": 0.42090023690444855,
        "clean_token_accuracy": 0.5701500394840747,
        "robust_count_accuracy": 0.0,
        "robust_mean_ser": 0.4542247959989471,
        "robust_token_accuracy": 0.5318768096867597
      },
      "epsilon": 0.05
    },
    {
      "after_defense": {
        "clean_count_accuracy": 0.625,
        "clean_mean_ser": 0.4015267175572519,
        "clean_token_accuracy": 0.58236377994209,
        "robust_count_accuracy": 0.0,
        "robust_mean_ser": 0.4262174256383259,
        "robust_token_accuracy": 0.5503553566728087
      },
      "before_defense": {
        "clean_count_accuracy": 0.5416666865348816,
        "clean_mean_ser": 0.42090023690444855,
        "clean_token_accuracy": 0.5701500394840747,
        "robust_count_accuracy": 0.0,
        "robust_mean_ser": 0.45506712292708607,
        "robust_token_accuracy": 0.5266649118188997
      },
      "epsilon": 0.1
    }
  ],
  "schema": "homr_surrogate_autoattack_comparison_v1",
  "val_manifest": "distillation/batches/batch_a100_300/training_manifest.val.encoded.jsonl",
  "val_rows": 24,
  "version": "standard"
}
