{
  "best_loss": 9.038763046264648,
  "device": "cuda",
  "epochs": [
    {
      "train": {
        "articulation_loss": 1.9200825360086229,
        "epoch": 1,
        "lift_loss": 1.3337479299969144,
        "loss": 12.74313916100396,
        "pitch_loss": 3.412349541982015,
        "position_loss": 1.4186444150076971,
        "rhythm_loss": 4.441633197996351,
        "rows": 9,
        "seconds": 2.0838115215301514,
        "split": "train",
        "staff_count": 22,
        "staff_count_loss": 1.796431541442871,
        "staff_exists_loss": 0.37038345800505745,
        "token_count": 1398
      },
      "val": {
        "articulation_loss": 1.0082432627677917,
        "epoch": 1,
        "lift_loss": 1.0408122340838115,
        "loss": 10.86396853129069,
        "pitch_loss": 3.36012069384257,
        "position_loss": 1.1121787230173747,
        "rhythm_loss": 4.1848377386728925,
        "rows": 3,
        "seconds": 0.12535715103149414,
        "split": "val",
        "staff_count": 6,
        "staff_count_loss": 1.3903231620788574,
        "staff_exists_loss": 0.18743492662906647,
        "token_count": 412
      }
    },
    {
      "train": {
        "articulation_loss": 0.8530591262711419,
        "epoch": 2,
        "lift_loss": 0.9647269911236234,
        "loss": 8.543767558203804,
        "pitch_loss": 2.7069822682274713,
        "position_loss": 1.1733123924997118,
        "rhythm_loss": 2.703164908621046,
        "rows": 9,
        "seconds": 1.1225578784942627,
        "split": "train",
        "staff_count": 22,
        "staff_count_loss": 1.3865757253434923,
        "staff_exists_loss": 0.038641589848945536,
        "token_count": 1398
      },
      "val": {
        "articulation_loss": 0.9447363018989563,
        "epoch": 2,
        "lift_loss": 0.9398936033248901,
        "loss": 9.957693258921305,
        "pitch_loss": 3.037062486012777,
        "position_loss": 1.046224315961202,
        "rhythm_loss": 3.8573325475056968,
        "rows": 3,
        "seconds": 0.12446713447570801,
        "split": "val",
        "staff_count": 6,
        "staff_count_loss": 1.3139219284057617,
        "staff_exists_loss": 0.010517966312666735,
        "token_count": 412
      }
    },
    {
      "train": {
        "articulation_loss": 0.7736718985769484,
        "epoch": 3,
        "lift_loss": 0.9442437092463175,
        "loss": 7.863615724775526,
        "pitch_loss": 2.535337143474155,
        "position_loss": 1.0845831963751051,
        "rhythm_loss": 2.399878634346856,
        "rows": 9,
        "seconds": 1.1298091411590576,
        "split": "train",
        "staff_count": 22,
        "staff_count_loss": 1.2494396103752985,
        "staff_exists_loss": 0.009571014023903344,
        "token_count": 1398
      },
      "val": {
        "articulation_loss": 0.8637688557306925,
        "epoch": 3,
        "lift_loss": 0.9760263959566752,
        "loss": 9.528775215148926,
        "pitch_loss": 2.983899195988973,
        "position_loss": 0.9272690018018087,
        "rhythm_loss": 3.6552534103393555,
        "rows": 3,
        "seconds": 0.12488150596618652,
        "split": "val",
        "staff_count": 6,
        "staff_count_loss": 1.2177420457204182,
        "staff_exists_loss": 0.007846529750774303,
        "token_count": 412
      }
    },
    {
      "train": {
        "articulation_loss": 0.7608747283617655,
        "epoch": 4,
        "lift_loss": 0.9271372556686401,
        "loss": 7.920319345262316,
        "pitch_loss": 2.413588047027588,
        "position_loss": 1.3018866115146213,
        "rhythm_loss": 2.4009927113850913,
        "rows": 9,
        "seconds": 1.1357080936431885,
        "split": "train",
        "staff_count": 22,
        "staff_count_loss": 1.147905131181081,
        "staff_exists_loss": 0.010493812979095511,
        "token_count": 1398
      },
      "val": {
        "articulation_loss": 0.8126177191734314,
        "epoch": 4,
        "lift_loss": 0.9457584818204244,
        "loss": 9.094977060953775,
        "pitch_loss": 2.9814701875050864,
        "position_loss": 1.0594494541486104,
        "rhythm_loss": 3.1805784702301025,
        "rows": 3,
        "seconds": 0.12243366241455078,
        "split": "val",
        "staff_count": 6,
        "staff_count_loss": 1.141620437304179,
        "staff_exists_loss": 0.009407080399493376,
        "token_count": 412
      }
    },
    {
      "train": {
        "articulation_loss": 0.7316375308566623,
        "epoch": 5,
        "lift_loss": 0.8679094049665663,
        "loss": 7.162475479973687,
        "pitch_loss": 2.3243750598695545,
        "position_loss": 1.0457696119944255,
        "rhythm_loss": 2.085705293549432,
        "rows": 9,
        "seconds": 1.1414811611175537,
        "split": "train",
        "staff_count": 22,
        "staff_count_loss": 1.0606181489096747,
        "staff_exists_loss": 0.010167633338520924,
        "token_count": 1398
      },
      "val": {
        "articulation_loss": 0.855439305305481,
        "epoch": 5,
        "lift_loss": 0.9153661926587423,
        "loss": 9.038763046264648,
        "pitch_loss": 2.8875207901000977,
        "position_loss": 1.03921643892924,
        "rhythm_loss": 3.227632482846578,
        "rows": 3,
        "seconds": 0.12196564674377441,
        "split": "val",
        "staff_count": 6,
        "staff_count_loss": 1.1301017602284749,
        "staff_exists_loss": 0.00577799944827954,
        "token_count": 412
      }
    }
  ],
  "epochs_requested": 5,
  "max_seq_len": 217,
  "max_staffs": 4,
  "out_dir": "distillation/runs/pgd_surrogate",
  "schema": "homr_full_page_student_training_metrics_v1",
  "status": "ok",
  "train_manifest": "distillation/batches/batch_e2e_small/training_manifest.train.encoded.jsonl",
  "train_rows": 9,
  "val_manifest": "distillation/batches/batch_e2e_small/training_manifest.val.encoded.jsonl",
  "val_rows": 3,
  "vocab_sizes": {
    "articulation": 116,
    "lift": 6,
    "pitch": 60,
    "position": 3,
    "rhythm": 201
  }
}
